Code,Name,Cost,OnBox,Img
95021,Светильник квадратный влагозащищенный прозрачный мах 26 watt (ESL) Е27 (белый)(пластик),29.73,10,95021.jpg
95021-1,Светильник квадратный влагозащищенный прозрачный мах 26 watt (ESL) (серый)(пластик),29.73,10,95021-1.jpg
95021-2,Светильник овальный влагозащищенный мах 26 watt (esl) Е27прозрачный черный (пластик),29.73,10,95021-2.jpg
95022,Светильник квадратный влагозащищенный не прозрачный мах 26 watt (ESL) Е27(белый)(пластик),29.73,10,95022.jpg
95022-1,Светильник квадратный влагозащищенный не прозрачный мах 26 watt (ESL) Е27 (серый)(пластик),29.73,10,95022-1.jpg
95022-2,Светильник квадратный влагозащенный не прозрачный мах 26 watt (ESL) Е27 (черный)(пластик),29.73,10,95022-2.jpg
95023,Светильник овальный влагозащищенный прозрачный мах 26 watt (ESL) Е27 (белый)(пластик),26.61,10,95023.jpg
95023-1,Светильник овальный влагозащищенный прозрачный мах 26 watt (ESL) (серый)(пластик),26.61,10,95023-1.jpg
95023-2,Светильник овальный влагозащищенный прозрачный мах 26 watt (ESL)(черный)(пластик),26.61,10,95023-2.jpg
95024,Светильник овальный влагозащищенный не прозрачный мах 26 watt (ESL) Е27 (белый)(пластик),26.61,10,95024.jpg
95024-1,Светильник овальный влагозащищенный не прозрачный мах 26 watt (ESL) (серый)(пластик),26.61,10,95024-1.jpg
95024-2,Светильник овальный влагозащищенный не прозрачный мах 26 watt (ESL)(черный)(пластик),26.61,10,95024-2.jpg
95019,Светильник овальный влагозащищенный мах 26 watt (esl) Е27 прозрачный (белый)(пластик),29.73,10,95038.jpg
95038,Светильник потолочный мален.овальный влагозащищен. мах 26 watt (esl) Е27 (прозрач.) (белый) (пластик),26.98,10,95038.jpg
95046,Светильник потолочный кругл. влагозащищен. мах 26 watt (ESL) Е27 (прозрач.) (белый) (пластик),35.93,10,95038.jpg
95019-1,Светильник овальный влагозащищенный мах 26 watt (esl) Е27прозрачный серый (пластик),29.73,10,95038-1.jpg
95038-1,Светильник потолочный мален. овальный влагозащищен. мах 26 watt (esl) Е27(прозрач.) (серый) (пластик),26.98,10,95038-1.jpg
95046-1,Светильник потолочный кругл. влагозащищен. мах 26 watt (ESL) Е27 (прозрач.) (серый) (пластик),35.93,10,95038-1.jpg
95019-2,Светильник овальный влагозащищенный мах 26 watt (esl) Е27прозрачный черный (пластик),29.73,10,95038-2.jpg
95038-2,Светильник потолочный мален. овальный влагозащищен. мах 26 watt (esl) Е27 (прозрач.) (черный) (пластик),26.98,10,95038-2.jpg
95046-2,Светильник потолочный кругл. влагозащищен. мах 26 watt (ESL) Е27 (прозрач.) (черный) (пластик),35.93,10,95038-2.jpg
95020,Светильник потолочный (Белый),29.73,10,95039.jpg
95039,Светильник потолочный мален. овальный влагозащищен. мах 26 watt (esl) Е27 (непрозрач.) (белый) (пластик),26.98,10,95039.jpg
95047,Светильник потолочный кругл. влагозащищен. мах 26 watt (ESL) Е27 (непрозрач.) (белый) (пластик),35.93,10,95039.jpg
95020-1,Светильник потолочный (Серый),29.73,10,95039-1.jpg
95039-1,Светильник потолочный мален. овальный влагозащищен. мах 26 watt (esl) Е27 (непрозрач.) (серый) (пластик),26.98,10,95039-1.jpg
95047-1,Светильник потолочный кругл. влагозащищен. мах 26 watt (ESL) Е27 (непрозрач.) (серый) (пластик),35.93,10,95039-1.jpg
95020-2,Светильник потолочный (Черный),29.73,10,95039-2.jpg
95039-2,Светильник потолочный мален. овальный влагозащищен. мах 26 watt (esl) Е27(непрозрач.) (черный) (пластик),26.98,10,95039-2.jpg
95047-2,Светильник потолочный кругл. влагозащищен. мах 26 watt (ESL) Е27 (непрозрач.) (черный) (пластик),35.93,10,95039-2.jpg
95040,Светильник потолочный мален. квадрат. влагозащищен. мах 26 watt (esl) Е27 (прозрач.) (белый) (пластик),27.64,10,95040.jpg
95041,Светильник потолочный мален. квадрат. влагозащищен. мах 26 watt (esl) Е27 (непрозрач.) (белый) (пластик),27.64,10,95041.jpg
95040-1,Светильник потолочный мален. квадрат. влагозащищен. мах 26 watt (esl) Е27 (прозрач.) (серый) (пластик),27.64,10,95040-1.jpg
95041-1,Светильник потолочный мален. квадрат. влагозащищен.мах 26 watt (ESL) Е27 (непрозрач.) (серый) (пластик),27.64,10,95040-1.jpg
95040-2,Светильник потолочный мален. квадрат. влагозащищен. мах 26 watt (esl) Е27 (прозрач.) (черный) (пластик),27.64,10,95041-2.jpg
95041-2,Светильник потолочный мален. квадрат. влагозащищен. мах 26 watt (ESL) Е27 (непрозрач.) (черный) (пластик),27.64,10,95041-2.jpg
95042,Светильник потолочный мален. квадрат. влагозащищен. мах 26 watt (ESL) Е27 (непрозрач.) (черный) (пластик),23.50,10,95042.jpg
95043,Светильник потолочный мален. овальный влагозащищен. мах 26 watt (ESL) Е27 (непрозрач.) (белый) (пластик),23.50,10,95043.jpg
95042-1,Светильник потолочный мален. овальный влагозащищен. мах 26 watt (ESL) Е27 (прозрач.) (серый) (пластик),23.50,10,95042-1.jpg
95043-1,Светильник потолочный мален. овальный влагозащищен. мах 26 watt (ESL) Е27 (непрозрач.) (серый) (пластик),23.50,10,95042-1.jpg
95042-2,Светильник потолочный мален. овальный влагозащищен. мах 26 watt (ESL) Е27 (прозрач.) (черный) (пластик),23.50,10,95042-2.jpg
95043-2,Светильник потолочный мален. овальный влагозащищен. мах 26 watt (ESL) Е27 (непрозрач.) (черный) (пластик),23.50,10,95042-2.jpg
95044,Светильник потолочный мален. прямоугол. влагозащищен. мах 26 watt (ESL) Е27 (прозрач.) (белый) (пластик),23.50,10,95044.jpg
95045,Светильник потолочный мален. прямоугол. влагозащищен. мах 26 watt (ESL) Е27(непрозрач.) (белый) (пластик),23.50,10,95045.jpg
95044-1,Светильник потолочный мален. прямоугол. влагозащищен. мах 26 watt (ESL) Е27 (прозрач.) (серый) (пластик),23.50,10,95044-1.jpg
95045-1,Светильник потолочный мален. прямоугол. влагозащищен. мах 26 watt (ESL) Е27 (непрозрач.) (серый) (пластик),23.50,10,95044-1.jpg
95044-2,Светильник потолочный мален. прямоугол. влагозащищен. мах 26 watt (ESL) Е27 (прозрач.) (черный) (пластик),23.50,10,95045-2.jpg
95045-2,Светильник потолочный мален. прямоугол. влагозащищен. мах 26 watt (ESL) Е27 (непрозрач.) (черный) (пластик),23.50,10,95045-2.jpg
