Code,Name,Cost,Img,OnBox
101-010101-100,ECO ВЫКЛЮЧАТЕЛЬ 1 КЛАВ. Белый со вставкой белого цвета,"2,8",101-010201-100.png,100
101-010101-101,ECO ВЫКЛЮЧАТЕЛЬ1 КЛАВ. С ПОДСВ. Белый со вставкой белого цвета,"4,33",101-010201-100.png,50
101-010101-102,ECO ВЫКЛЮЧАТЕЛЬ 2 КЛАВ. Белый со вставкой белого цвета,"3,3",101-010201-102.png,100
101-010101-103,ECO ВЫКЛЮЧАТЕЛЬ 2 КЛАВ. С ПОДСВ. Белый со вставкой белого цвета,"3,74",101-010201-102.png,50
101-010101-107,ECO КЛАВИША ЗВОНКА Белый со вставкой белого цвета,"2,85",101-010201-107.png,100
101-010101-109,ECO ВЫКЛЮЧАТЕЛЬ 1 КЛАВ. ПРОХОДНОЙ Белый со вставкой белого цвета,"3,3",101-010201-107.png,100
101-010101-114,ECO ВЫКЛЮЧАТЕЛЬ 3 КЛАВ. Белый со вставкой белого цвета,"4,28",101-010201-114.png,50
101-010104-120,ECO РОЗЕТКА 2-Я С/З Белый со вставкой белого цвета,"5,08",101-010204-120.png,50
101-010105-121,ECO РОЗЕТКА 2-Я Б/З Белый со вставкой белого цвета,"4,18",101-010205-121.png,60
101-010106-116,ECO РОЗЕТКА Б/З Белый со вставкой белого цвета,"2,73",101-010206-116.png,100
101-010107-117,ECO РОЗЕТКА С/З Белый со вставкой белого цвета,"3,25",101-010207-117.png,100
101-010107-118,ECO РОЗЕТКА С КРЫШКОЙ И ЗАЗЕМЛЕНИЕМ Белый со вставкой белого цвета,"3,43",101-010207-118.png,100
101-010107-119,ECO РОЗЕТКА С/З С ЗАЩИТОЙ ДЛЯ ДЕТЕЙ Белый со вставкой белого цвета,"3,43",101-010207-119.jpg,100
102-190004-120,DESPINA РОЗЕТКА 2-Я С/З БЕЛЫЙ,"5,91",102-190004-120.jpg,50
102-190005-121,DESPINA РОЗЕТКА 2-Я Б/З БЕЛЫЙ,"5,19",102-190005-121.jpg,60
102-190021-117,DESPINA РОЗЕТКА С/З БЕЛЫЙ,"4,15",102-190021-117.jpg,100
102-190021-118,DESPINA РОЗЕТКА С КРЫШКОЙ И ЗАЗЕМЛЕНИЕМ БЕЛЫЙ,"4,33",102-190021-118.jpg,100
102-190021-119,DESPINA РОЗЕТКА С/З С ЗАЩИТОЙ ДЛЯ ДЕТЕЙ БЕЛЫЙ,"4,33",102-190021-119.jpg,100
102-190022-114,DESPINA ВЫКЛЮЧАТЕЛЬ 3 КЛАВ. БЕЛЫЙ,"5,11",102-190022-114.jpg,50
102-190022-116,DESPINA РОЗЕТКА Б/З БЕЛЫЙ,"3,6",102-190022-116.jpg,100
102-190025-100,DESPINA ВЫКЛЮЧАТЕЛЬ 1 КЛАВ. БЕЛЫЙ,"3,53",102-190025-100.jpg,100
102-190025-101,DESPINA ВЫКЛЮЧАТЕЛЬ 1 КЛАВ. С ПОДСВ. БЕЛЫЙ,"3,74",102-190025-101.jpg,50
102-190025-102,DESPINA ВЫКЛЮЧАТЕЛЬ 2 КЛАВ. БЕЛЫЙ,"4,2",102-190025-102.jpg,100
102-190025-103,DESPINA ВЫКЛЮЧАТЕЛЬ 2 КЛАВ. С ПОДСВ. БЕЛЫЙ,"5,91",102-190025-103.jpg,50
102-190025-107,DESPINA КЛАВИША ЗВОНКА БЕЛЫЙ,"3,65",102-190025-107.jpg,100
102-190025-109,DESPINA ВЫКЛЮЧАТЕЛЬ 1 КЛАВ. ПРОХОДНОЙ БЕЛЫЙ,"4,33",102-190025-109.jpg,100
102-190000-163,DESPINA рамка 4*местная,"3,45",,10
102-190000-162,DESPINA рамка 3*местная,"2,75",,10
102-190000-161,DESPINA рамка 2*местная,"2,05",,10
105-010101-100,MONTE ВЫКЛЮЧАТЕЛЬ 1 КЛАВ. Белый со вставкой белого цвета,"3,3",105-010201-100.jpg,100
105-010101-101,MONTE ВЫКЛЮЧАТЕЛЬ 1 КЛАВ. С ПОДСВ. Белый со вставкой белого цвета,"5,08",105-010201-100.jpg,50
105-010101-102,MONTE ВЫКЛЮЧАТЕЛЬ 2 КЛАВ. Белый со вставкой белого цвета,"3,99",105-010201-102.jpg,100
105-010101-103,MONTE ВЫКЛЮЧАТЕЛЬ 2 КЛАВ. С ПОДСВ. Белый со вставкой белого цвета,"5,8",105-010201-102.jpg,50
105-010101-107,MONTE КЛАВИША ЗВОНКА Белый со вставкой белого цвета,"3,43",105-010201-107.jpg,100
105-010101-109,MONTE ВЫКЛЮЧАТЕЛЬ 1 КЛАВ. ПРОХОДНОЙ Белый со вставкой белого цвета,"4,18",105-010201-109.jpg,100
105-010101-114,MONTE ВЫКЛЮЧАТЕЛЬ 3 КЛАВ. Белый со вставкой белого цвета,"4,74",105-010201-114.jpg,50
105-010104-125,MONTE РОЗЕТКА КОМПЬЮТЕРНАЯ (RJ45 CAT 6) Белый со вставкой белого цвета,"17,75",105-010204-125.jpg,50
105-010104-127,MONTE РОЗЕТКА TV ПРОХОДНАЯ Белый со вставкой белого цвета,"5,08",105-010204-127.jpg,100
105-010104-131,MONTE РОЗЕТКА 2-Я ТЕЛЕФОННАЯ ЦИФРОВАЯ (RJ11 CAT3) Белый со вставкой белого цвета,"8,6",105-010204-131.jpg,50
105-010106-116,MONTE РОЗЕТКА Б/З Белый со вставкой белого цвета,"3,18",105-010206-116.jpg,100
105-010107-117,MONTE РОЗЕТКА С/З Белый со вставкой белого цвета,"3,75",105-010207-117.jpg,100
105-010107-118,MONTE РОЗЕТКА С КРЫШКОЙ И ЗАЗЕМЛЕНИЕМ Белый со вставкой белого цвета,"3,98",105-010207-118.jpg,100
105-010107-119,MONTE РОЗЕТКА С/З С ЗАЩИТОЙ ДЛЯ ДЕТЕЙ Белый со вставкой белого цвета,"3,93",105-010207-119.jpg,100
105-010110-120,MONTE РОЗЕТКА 2-Я С/З Белый со вставкой белого цвета,"5,23",105-010210-120.jpg,50
105-010111-121,MONTE РОЗЕТКА 2-Я Б/З Белый со вставкой белого цвета,"4,55",105-010211-121.jpg,60
105-010000-163,MONTE рамка 4*местная,"3,11",105-010000-161.jpg,40
105-010000-162,MONTE рамка 3*местная,"2,48",105-010000-161.jpg,90
105-010000-161,MONTE рамка 2*местная,"1,94",105-010000-161.jpg,100
