Show,Code,Name,Cost,Img,OnBox
1,101-010101-100,ECO ВЫКЛЮЧАТЕЛЬ 1 КЛАВ. Белый со вставкой белого цвета,"2,24",/dist/images/mono-electric/101-010201-100.png,100
1,101-010101-101,ECO ВЫКЛЮЧАТЕЛЬ1 КЛАВ. С ПОДСВ. Белый со вставкой белого цвета,"3,46",/dist/images/mono-electric/101-010201-100.png,50
1,101-010101-102,ECO ВЫКЛЮЧАТЕЛЬ 2 КЛАВ. Белый со вставкой белого цвета,"2,64",/dist/images/mono-electric/101-010201-102.png,100
1,101-010101-103,ECO ВЫКЛЮЧАТЕЛЬ 2 КЛАВ. С ПОДСВ. Белый со вставкой белого цвета,"2,99",/dist/images/mono-electric/101-010201-102.png,50
1,101-010101-107,ECO КЛАВИША ЗВОНКА Белый со вставкой белого цвета,"2,28",/dist/images/mono-electric/101-010201-107.png,100
1,101-010101-109,ECO ВЫКЛЮЧАТЕЛЬ 1 КЛАВ. ПРОХОДНОЙ Белый со вставкой белого цвета,"2,64",/dist/images/mono-electric/101-010201-107.png,100
1,101-010101-114,ECO ВЫКЛЮЧАТЕЛЬ 3 КЛАВ. Белый со вставкой белого цвета,"3,42",/dist/images/mono-electric/101-010201-114.png,50
1,101-010104-120,ECO РОЗЕТКА 2-Я С/З Белый со вставкой белого цвета,"4,06",/dist/images/mono-electric/101-010204-120.png,50
1,101-010105-121,ECO РОЗЕТКА 2-Я Б/З Белый со вставкой белого цвета,"3,34",/dist/images/mono-electric/101-010205-121.png,60
1,101-010106-116,ECO РОЗЕТКА Б/З Белый со вставкой белого цвета,"2,18",/dist/images/mono-electric/101-010206-116.png,100
1,101-010107-117,ECO РОЗЕТКА С/З Белый со вставкой белого цвета,"2,6",/dist/images/mono-electric/101-010207-117.png,100
1,101-010107-118,ECO РОЗЕТКА С КРЫШКОЙ И ЗАЗЕМЛЕНИЕМ Белый со вставкой белого цвета,"2,74",/dist/images/mono-electric/101-010207-118.png,100
1,101-010107-119,ECO РОЗЕТКА С/З С ЗАЩИТОЙ ДЛЯ ДЕТЕЙ Белый со вставкой белого цвета,"2,74",/dist/images/mono-electric/101-010207-119.jpg,100
1,102-190004-120,DESPINA РОЗЕТКА 2-Я С/З БЕЛЫЙ,"4,73",/dist/images/mono-electric/102-190004-120.jpg,50
1,102-190005-121,DESPINA РОЗЕТКА 2-Я Б/З БЕЛЫЙ,"4,15",/dist/images/mono-electric/102-190005-121.jpg,60
1,102-190021-117,DESPINA РОЗЕТКА С/З БЕЛЫЙ,"3,32",/dist/images/mono-electric/102-190021-117.jpg,100
1,102-190021-118,DESPINA РОЗЕТКА С КРЫШКОЙ И ЗАЗЕМЛЕНИЕМ БЕЛЫЙ,"3,46",/dist/images/mono-electric/102-190021-118.jpg,100
1,102-190021-119,DESPINA РОЗЕТКА С/З С ЗАЩИТОЙ ДЛЯ ДЕТЕЙ БЕЛЫЙ,"3,46",/dist/images/mono-electric/102-190021-119.jpg,100
1,102-190022-114,DESPINA ВЫКЛЮЧАТЕЛЬ 3 КЛАВ. БЕЛЫЙ,"4,09",/dist/images/mono-electric/102-190022-114.jpg,50
1,102-190022-116,DESPINA РОЗЕТКА Б/З БЕЛЫЙ,"2,88",/dist/images/mono-electric/102-190022-116.jpg,100
1,102-190025-100,DESPINA ВЫКЛЮЧАТЕЛЬ 1 КЛАВ. БЕЛЫЙ,"2,82",/dist/images/mono-electric/102-190025-100.jpg,100
1,102-190025-101,DESPINA ВЫКЛЮЧАТЕЛЬ 1 КЛАВ. С ПОДСВ. БЕЛЫЙ,"2,99",/dist/images/mono-electric/102-190025-101.jpg,50
1,102-190025-102,DESPINA ВЫКЛЮЧАТЕЛЬ 2 КЛАВ. БЕЛЫЙ,"3,36",/dist/images/mono-electric/102-190025-102.jpg,100
1,102-190025-103,DESPINA ВЫКЛЮЧАТЕЛЬ 2 КЛАВ. С ПОДСВ. БЕЛЫЙ,"4,73",/dist/images/mono-electric/102-190025-103.jpg,50
1,102-190025-107,DESPINA КЛАВИША ЗВОНКА БЕЛЫЙ,"2,92",/dist/images/mono-electric/102-190025-107.jpg,100
1,102-190025-109,DESPINA ВЫКЛЮЧАТЕЛЬ 1 КЛАВ. ПРОХОДНОЙ БЕЛЫЙ,"3,46",/dist/images/mono-electric/102-190025-109.jpg,100
1,102-190000-163,DESPINA рамка 4*местная,"2,76",,
1,102-190000-162,DESPINA рамка 3*местная,"2,2",,
1,102-190000-161,DESPINA рамка 2*местная,"1,64",,
1,105-010101-100,MONTE ВЫКЛЮЧАТЕЛЬ 1 КЛАВ. Белый со вставкой белого цвета,"2,64",/dist/images/mono-electric/105-010201-100.jpg,100
1,105-010101-101,MONTE ВЫКЛЮЧАТЕЛЬ 1 КЛАВ. С ПОДСВ. Белый со вставкой белого цвета,"4,06",/dist/images/mono-electric/105-010201-100.jpg,50
1,105-010101-102,MONTE ВЫКЛЮЧАТЕЛЬ 2 КЛАВ. Белый со вставкой белого цвета,"3,19",/dist/images/mono-electric/105-010201-102.jpg,100
1,105-010101-103,MONTE ВЫКЛЮЧАТЕЛЬ 2 КЛАВ. С ПОДСВ. Белый со вставкой белого цвета,"4,64",/dist/images/mono-electric/105-010201-102.jpg,50
1,105-010101-107,MONTE КЛАВИША ЗВОНКА Белый со вставкой белого цвета,"2,74",/dist/images/mono-electric/105-010201-107.jpg,100
1,105-010101-109,MONTE ВЫКЛЮЧАТЕЛЬ 1 КЛАВ. ПРОХОДНОЙ Белый со вставкой белого цвета,"3,34",/dist/images/mono-electric/105-010201-109.jpg,100
1,105-010101-114,MONTE ВЫКЛЮЧАТЕЛЬ 3 КЛАВ. Белый со вставкой белого цвета,"3,79",/dist/images/mono-electric/105-010201-114.jpg,50
1,105-010104-125,MONTE РОЗЕТКА КОМПЬЮТЕРНАЯ (RJ45 CAT 6) Белый со вставкой белого цвета,"14,2",/dist/images/mono-electric/105-010204-125.jpg,50
1,105-010104-127,MONTE РОЗЕТКА TV ПРОХОДНАЯ Белый со вставкой белого цвета,"4,06",/dist/images/mono-electric/105-010204-127.jpg,100
1,105-010104-131,MONTE РОЗЕТКА 2-Я ТЕЛЕФОННАЯ ЦИФРОВАЯ (RJ11 CAT3) Белый со вставкой белого цвета,"6,88",/dist/images/mono-electric/105-010204-131.jpg,50
1,105-010106-116,MONTE РОЗЕТКА Б/З Белый со вставкой белого цвета,"2,54",/dist/images/mono-electric/105-010206-116.jpg,100
1,105-010107-117,MONTE РОЗЕТКА С/З Белый со вставкой белого цвета,3,/dist/images/mono-electric/105-010207-117.jpg,100
1,105-010107-118,MONTE РОЗЕТКА С КРЫШКОЙ И ЗАЗЕМЛЕНИЕМ Белый со вставкой белого цвета,"3,18",/dist/images/mono-electric/105-010207-118.jpg,100
1,105-010107-119,MONTE РОЗЕТКА С/З С ЗАЩИТОЙ ДЛЯ ДЕТЕЙ Белый со вставкой белого цвета,"3,14",/dist/images/mono-electric/105-010207-119.jpg,100
1,105-010110-120,MONTE РОЗЕТКА 2-Я С/З Белый со вставкой белого цвета,"4,18",/dist/images/mono-electric/105-010210-120.jpg,50
1,105-010111-121,MONTE РОЗЕТКА 2-Я Б/З Белый со вставкой белого цвета,"3,64",/dist/images/mono-electric/105-010211-121.jpg,60
1,105-010000-163,MONTE рамка 4*местная,"2,49",/dist/images/mono-electric/105-010000-161.jpg,40
1,105-010000-162,MONTE рамка 3*местная,"1,98",/dist/images/mono-electric/105-010000-161.jpg,90
1,105-010000-161,MONTE рамка 2*местная,"1,55",/dist/images/mono-electric/105-010000-161.jpg,100